depth_cm,mwe,n_transmitted,transmission,mean_initKE,mean_exitKE,mean_eLoss,std_eLoss,mean_angle,std_angle,p95_angle
50,1.325,9919,0.991603,5.423,5.039,0.384,0.213,38.054,17.4202,67.7593
100,2.65,9618,0.961512,5.418,4.673,0.745,0.339,37.3268,17.0389,66.3411
200,5.3,8851,0.884835,5.459,4.045,1.414,0.504,35.8686,16.3805,63.8106
300,7.95,8041,0.803859,5.512,3.506,2.006,0.568,34.0816,15.4054,59.9118
500,13.25,5912,0.591023,5.847,2.819,3.028,0.629,29.103,13.4536,52.5052
